<?xml version="1.0" encoding="UTF-8"?>
<project-private xmlns="http://www.netbeans.org/ns/project-private/1">
    <editor-bookmarks xmlns="http://www.netbeans.org/ns/editor-bookmarks/2" lastBookmarkId="0"/>
    <open-files xmlns="http://www.netbeans.org/ns/projectui-open-files/2">
        <group>
            <file>file:/C:/Users/Bridgette%20Mokone/Documents/NetBeansProjects/StudentCourseApp/web/WEB-INF/web.xml</file>
            <file>file:/C:/Users/Bridgette%20Mokone/Documents/NetBeansProjects/StudentCourseApp/src/java/za/ac/tut/entities/Enrollment.java</file>
            <file>file:/C:/Users/Bridgette%20Mokone/Documents/NetBeansProjects/StudentCourseApp/src/java/META-INF/persistence.xml</file>
            <file>file:/C:/Users/Bridgette%20Mokone/Documents/NetBeansProjects/StudentCourseApp/src/java/za/ac/tut/entities/Student.java</file>
            <file>file:/C:/Users/Bridgette%20Mokone/Documents/NetBeansProjects/StudentCourseApp/web/index.jsp</file>
            <file>file:/C:/Users/Bridgette%20Mokone/Documents/NetBeansProjects/StudentCourseApp/src/java/za/ac/tut/services/StudentService.java</file>
            <file>file:/C:/Users/Bridgette%20Mokone/Documents/NetBeansProjects/StudentCourseApp/src/java/za/ac/tut/entities/Course.java</file>
            <file>file:/C:/Users/Bridgette%20Mokone/Documents/NetBeansProjects/StudentCourseApp/src/java/za/ac/tut/web/CourseServlet.java</file>
            <file>file:/C:/Users/Bridgette%20Mokone/Documents/NetBeansProjects/StudentCourseApp/web/index.html</file>
            <file>file:/C:/Users/Bridgette%20Mokone/Documents/NetBeansProjects/StudentCourseApp/src/java/za/ac/tut/services/CourseService.java</file>
            <file>file:/C:/Users/Bridgette%20Mokone/Documents/NetBeansProjects/StudentCourseApp/src/java/za/ac/tut/web/StudentServlet.java</file>
        </group>
    </open-files>
</project-private>
